[{"pk": 1, "model": "auth.user", "fields": {"username": "admin", "first_name": "", "last_name": "", "is_active": true, "is_superuser": true, "is_staff": true, "last_login": "2012-10-24 03:15:12", "groups": [], "user_permissions": [], "password": "sha1$212b2$273f17d480c9b23fc74622e885039ffe231007b3", "email": "jerick@bixly.com", "date_joined": "2012-10-04 02:35:14"}}, {"pk": 2, "model": "auth.user", "fields": {"username": "tgcid16", "first_name": "Jerick Don", "last_name": "San Juan", "is_active": true, "is_superuser": false, "is_staff": false, "last_login": "2012-10-24 05:52:54", "groups": [], "user_permissions": [], "password": "!", "email": "thundergod.cid16@gmail.com", "date_joined": "2012-10-10 03:36:56"}}, {"pk": 3, "model": "auth.user", "fields": {"username": "Jerick DonSan ed9acc595efc40af", "first_name": "Jerick Don", "last_name": "San Juan", "is_active": true, "is_superuser": false, "is_staff": false, "last_login": "2012-10-10 03:37:16", "groups": [], "user_permissions": [], "password": "!", "email": "jerickdon.sanjuan@icannhas.com", "date_joined": "2012-10-10 03:37:16"}}, {"pk": 4, "model": "auth.user", "fields": {"username": "durianslasher", "first_name": "", "last_name": "", "is_active": true, "is_superuser": false, "is_staff": false, "last_login": "2012-10-24 05:54:54", "groups": [], "user_permissions": [], "password": "sha1$319a5$77558003b1b6d35ba59c1f534b831e9a63247819", "email": "durianslasher@gmail.com", "date_joined": "2012-10-24 05:54:54"}}, {"pk": 1, "model": "videos.channel", "fields": {"owner": 1, "api_link": "", "channel_slug": "JLLN9N", "name": "Test"}}, {"pk": 1, "model": "videos.video", "fields": {"updated": "2012-10-04 05:00:45", "youtube_video_expiry_date": null, "description": "sdfsdf", "title": "test", "channel": null, "created": "2012-10-04 05:00:45", "is_active": true, "youtube_embed_url": null, "video_type": "mp4", "featured": false, "expiry_date": "2012-12-03 05:00:44", "uploader": 1, "is_public": false, "video_duration": 0, "expired": false, "slug": "TO8DEJ9K"}}, {"pk": 2, "model": "videos.video", "fields": {"updated": "2012-10-04 08:12:53", "youtube_video_expiry_date": null, "description": "sdfds", "title": "test2", "channel": null, "created": "2012-10-04 08:12:53", "is_active": true, "youtube_embed_url": null, "video_type": "mp4", "featured": false, "expiry_date": "2012-12-03 08:12:53", "uploader": 1, "is_public": true, "video_duration": 0, "expired": false, "slug": "MIR7XGPA"}}, {"pk": 3, "model": "videos.video", "fields": {"updated": "2012-10-04 08:17:32", "youtube_video_expiry_date": null, "description": "dsf", "title": "test3", "channel": null, "created": "2012-10-04 08:17:32", "is_active": true, "youtube_embed_url": null, "video_type": "mp4", "featured": false, "expiry_date": "2012-12-03 08:17:32", "uploader": 1, "is_public": false, "video_duration": 0, "expired": false, "slug": "K23XULDV"}}, {"pk": 4, "model": "videos.video", "fields": {"updated": "2012-10-04 08:19:42", "youtube_video_expiry_date": null, "description": "", "title": "test4", "channel": null, "created": "2012-10-04 08:19:42", "is_active": true, "youtube_embed_url": null, "video_type": "mp4", "featured": false, "expiry_date": "2012-12-03 08:19:42", "uploader": 1, "is_public": false, "video_duration": 0, "expired": false, "slug": "FQNOAI0A"}}, {"pk": 5, "model": "videos.video", "fields": {"updated": "2012-10-04 09:36:37", "youtube_video_expiry_date": null, "description": "", "title": "video test", "channel": null, "created": "2012-10-04 09:36:37", "is_active": true, "youtube_embed_url": null, "video_type": "mp4", "featured": false, "expiry_date": "2012-12-03 09:36:37", "uploader": 1, "is_public": false, "video_duration": 0, "expired": false, "slug": "L7NEY9PK"}}, {"pk": 6, "model": "videos.video", "fields": {"updated": "2012-10-23 09:27:33", "youtube_video_expiry_date": null, "description": "", "title": "dsfs", "channel": null, "created": "2012-10-23 09:27:33", "is_active": true, "youtube_embed_url": null, "video_type": "mp4", "featured": false, "expiry_date": "2012-12-22 09:27:33", "uploader": 2, "is_public": false, "video_duration": 0, "expired": false, "slug": "VL664MUO"}}, {"pk": 7, "model": "videos.video", "fields": {"updated": "2012-10-24 05:56:59", "youtube_video_expiry_date": null, "description": "", "title": "Section 1", "channel": null, "created": "2012-10-24 05:56:59", "is_active": true, "youtube_embed_url": null, "video_type": "mp4", "featured": false, "expiry_date": "2012-12-23 05:56:59", "uploader": 4, "is_public": false, "video_duration": 0, "expired": false, "slug": "MZNSA5FG"}}, {"pk": 1, "model": "videos.videostatus", "fields": {"mobile_available": false, "is_encoding": true, "web_available": false, "video_slug": "TO8DEJ9K"}}, {"pk": 2, "model": "videos.videostatus", "fields": {"mobile_available": false, "is_encoding": true, "web_available": false, "video_slug": "MIR7XGPA"}}, {"pk": 3, "model": "videos.videostatus", "fields": {"mobile_available": false, "is_encoding": true, "web_available": false, "video_slug": "K23XULDV"}}, {"pk": 4, "model": "videos.videostatus", "fields": {"mobile_available": false, "is_encoding": true, "web_available": false, "video_slug": "FQNOAI0A"}}, {"pk": 5, "model": "videos.videostatus", "fields": {"mobile_available": false, "is_encoding": true, "web_available": false, "video_slug": "L7NEY9PK"}}, {"pk": 6, "model": "videos.videostatus", "fields": {"mobile_available": false, "is_encoding": true, "web_available": false, "video_slug": "VL664MUO"}}, {"pk": 7, "model": "videos.videostatus", "fields": {"mobile_available": false, "is_encoding": true, "web_available": false, "video_slug": "MZNSA5FG"}}, {"pk": 1, "model": "videos.cocreate", "fields": {"owner": 2, "notes": "notes test", "description": "Descriptio ntest", "title": "Test 1"}}, {"pk": 2, "model": "videos.cocreate", "fields": {"owner": 2, "notes": "Testing this out\n", "description": "Hello\nworld", "title": "Cocreate"}}, {"pk": 3, "model": "videos.cocreate", "fields": {"owner": 4, "notes": "Fill up the sections!", "description": "Description here.", "title": "Cocreate 1"}}, {"pk": 1, "model": "videos.section", "fields": {"assigned": 3, "cocreate": 1, "video": null, "order": 0, "name": "Section 2"}}, {"pk": 2, "model": "videos.section", "fields": {"assigned": 2, "cocreate": 1, "video": null, "order": 1, "name": "Section 2"}}, {"pk": 3, "model": "videos.section", "fields": {"assigned": 1, "cocreate": 1, "video": null, "order": 2, "name": "Section 3"}}, {"pk": 4, "model": "videos.section", "fields": {"assigned": 2, "cocreate": 1, "video": 1, "order": 4, "name": "ssdf"}}, {"pk": 5, "model": "videos.section", "fields": {"assigned": null, "cocreate": 1, "video": null, "order": 5, "name": "Testing"}}, {"pk": 6, "model": "videos.section", "fields": {"assigned": null, "cocreate": 1, "video": null, "order": 1, "name": "Diameter"}}, {"pk": 7, "model": "videos.section", "fields": {"assigned": 2, "cocreate": 1, "video": null, "order": 0, "name": "hey"}}, {"pk": 8, "model": "videos.section", "fields": {"assigned": 1, "cocreate": 1, "video": null, "order": 0, "name": "test"}}, {"pk": 9, "model": "videos.section", "fields": {"assigned": 2, "cocreate": 1, "video": null, "order": 2, "name": "test"}}, {"pk": 10, "model": "videos.section", "fields": {"assigned": null, "cocreate": 1, "video": null, "order": 0, "name": "testing"}}, {"pk": 11, "model": "videos.section", "fields": {"assigned": null, "cocreate": 1, "video": null, "order": 0, "name": "ahoo"}}, {"pk": 12, "model": "videos.section", "fields": {"assigned": null, "cocreate": 1, "video": null, "order": 1, "name": "hey now"}}, {"pk": 13, "model": "videos.section", "fields": {"assigned": 2, "cocreate": 1, "video": null, "order": 1, "name": "hey now"}}, {"pk": 14, "model": "videos.section", "fields": {"assigned": null, "cocreate": 2, "video": 6, "order": 0, "name": "hey now testing woo woh now"}}, {"pk": 15, "model": "videos.section", "fields": {"assigned": null, "cocreate": 2, "video": null, "order": 1, "name": "test"}}, {"pk": 16, "model": "videos.section", "fields": {"assigned": null, "cocreate": 2, "video": null, "order": 2, "name": "df"}}, {"pk": 17, "model": "videos.section", "fields": {"assigned": 1, "cocreate": 2, "video": null, "order": 0, "name": "test"}}, {"pk": 18, "model": "videos.section", "fields": {"assigned": null, "cocreate": 2, "video": null, "order": 1, "name": "d"}}, {"pk": 19, "model": "videos.section", "fields": {"assigned": null, "cocreate": 1, "video": null, "order": 0, "name": "sdf"}}, {"pk": 20, "model": "videos.section", "fields": {"assigned": 2, "cocreate": 2, "video": null, "order": 0, "name": "0"}}, {"pk": 21, "model": "videos.section", "fields": {"assigned": 1, "cocreate": 2, "video": null, "order": 0, "name": "asd"}}, {"pk": 22, "model": "videos.section", "fields": {"assigned": 1, "cocreate": 2, "video": null, "order": 0, "name": "Testing"}}, {"pk": 23, "model": "videos.section", "fields": {"assigned": 3, "cocreate": 2, "video": null, "order": 2, "name": "sdfdsfds"}}, {"pk": 24, "model": "videos.section", "fields": {"assigned": null, "cocreate": 2, "video": null, "order": 0, "name": "Unassigned"}}, {"pk": 25, "model": "videos.section", "fields": {"assigned": 3, "cocreate": 2, "video": null, "order": 1, "name": "Assigned"}}, {"pk": 26, "model": "videos.section", "fields": {"assigned": 4, "cocreate": 3, "video": 7, "order": 0, "name": "Section 1"}}, {"pk": 27, "model": "videos.section", "fields": {"assigned": null, "cocreate": 3, "video": null, "order": 1, "name": "Section 2"}}]
